2025-04-23 00:40:59	051_2025-03-15_12-29-48	ts/1_unmatched/Site_6200/meas_2025-03-15_12-29-48/051_2025-03-15_12-29-48_2025-03-15_12-36-48_R001_65536H.xml	ts/Site_6200/meas_2025-03-15_12-29-48/051_2025-03-15_12-29-48_2025-03-15_12-36-48_R001_65536H.xml'
2025-04-23 00:40:59	051_2025-03-15_12-29-48	ts/1_unmatched/Site_6200/meas_2025-03-15_12-29-48/051_V01_C05_R001_TEx_BH_65536H.ats	ts/Site_6200/meas_2025-03-15_12-29-48/051_V01_C05_R001_TEx_BH_65536H.ats'
2025-04-23 00:40:59	051_2025-03-15_12-29-48	ts/1_unmatched/Site_6200/meas_2025-03-15_12-29-48/051_V01_C06_R001_TEy_BH_65536H.ats	ts/Site_6200/meas_2025-03-15_12-29-48/051_V01_C06_R001_TEy_BH_65536H.ats'
2025-04-23 00:40:59	051_2025-03-15_12-29-48	ts/1_unmatched/Site_6200/meas_2025-03-15_12-29-48/051_V01_C07_R001_THx_BH_65536H.ats	ts/Site_6200/meas_2025-03-15_12-29-48/051_V01_C07_R001_THx_BH_65536H.ats'
2025-04-23 00:40:59	051_2025-03-15_12-29-48	ts/1_unmatched/Site_6200/meas_2025-03-15_12-29-48/051_V01_C08_R001_THy_BH_65536H.ats	ts/Site_6200/meas_2025-03-15_12-29-48/051_V01_C08_R001_THy_BH_65536H.ats'
2025-04-23 00:40:59	051_2025-03-15_12-29-48	ts/1_unmatched/Site_6200/meas_2025-03-15_12-29-48/051_V01_C09_R001_THz_BH_65536H.ats	ts/Site_6200/meas_2025-03-15_12-29-48/051_V01_C09_R001_THz_BH_65536H.ats'
2025-04-23 00:40:59	051_2025-03-15_12-37-48	ts/1_unmatched/Site_6200/meas_2025-03-15_12-37-48/051_2025-03-15_12-37-48_2025-03-15_12-39-48_R001_256H.xml	ts/Site_6200/meas_2025-03-15_12-37-48/051_2025-03-15_12-37-48_2025-03-15_12-39-48_R001_256H.xml'
2025-04-23 00:40:59	051_2025-03-15_12-37-48	ts/1_unmatched/Site_6200/meas_2025-03-15_12-37-48/051_V01_C00_R001_TEx_BL_256H.ats	ts/Site_6200/meas_2025-03-15_12-37-48/051_V01_C00_R001_TEx_BL_256H.ats'
2025-04-23 00:40:59	051_2025-03-15_12-37-48	ts/1_unmatched/Site_6200/meas_2025-03-15_12-37-48/051_V01_C01_R001_TEy_BL_256H.ats	ts/Site_6200/meas_2025-03-15_12-37-48/051_V01_C01_R001_TEy_BL_256H.ats'
2025-04-23 00:40:59	051_2025-03-15_12-37-48	ts/1_unmatched/Site_6200/meas_2025-03-15_12-37-48/051_V01_C02_R001_THx_BL_256H.ats	ts/Site_6200/meas_2025-03-15_12-37-48/051_V01_C02_R001_THx_BL_256H.ats'
2025-04-23 00:40:59	051_2025-03-15_12-37-48	ts/1_unmatched/Site_6200/meas_2025-03-15_12-37-48/051_V01_C03_R001_THy_BL_256H.ats	ts/Site_6200/meas_2025-03-15_12-37-48/051_V01_C03_R001_THy_BL_256H.ats'
2025-04-23 00:40:59	051_2025-03-15_12-37-48	ts/1_unmatched/Site_6200/meas_2025-03-15_12-37-48/051_V01_C04_R001_THz_BL_256H.ats	ts/Site_6200/meas_2025-03-15_12-37-48/051_V01_C04_R001_THz_BL_256H.ats'
2025-04-23 00:40:59	051_2025-03-15_13-00-00	ts/1_unmatched/Site_6200/meas_2025-03-15_13-00-00/051_2025-03-15_13-00-00_2025-03-15_13-05-00_R001_65536H.xml	ts/Site_6200/meas_2025-03-15_13-00-00/051_2025-03-15_13-00-00_2025-03-15_13-05-00_R001_65536H.xml'
2025-04-23 00:40:59	051_2025-03-15_13-00-00	ts/1_unmatched/Site_6200/meas_2025-03-15_13-00-00/051_V01_C05_R001_TEx_BH_65536H.ats	ts/Site_6200/meas_2025-03-15_13-00-00/051_V01_C05_R001_TEx_BH_65536H.ats'
2025-04-23 00:40:59	051_2025-03-15_13-00-00	ts/1_unmatched/Site_6200/meas_2025-03-15_13-00-00/051_V01_C06_R001_TEy_BH_65536H.ats	ts/Site_6200/meas_2025-03-15_13-00-00/051_V01_C06_R001_TEy_BH_65536H.ats'
2025-04-23 00:40:59	051_2025-03-15_13-00-00	ts/1_unmatched/Site_6200/meas_2025-03-15_13-00-00/051_V01_C07_R001_THx_BH_65536H.ats	ts/Site_6200/meas_2025-03-15_13-00-00/051_V01_C07_R001_THx_BH_65536H.ats'
2025-04-23 00:40:59	051_2025-03-15_13-00-00	ts/1_unmatched/Site_6200/meas_2025-03-15_13-00-00/051_V01_C08_R001_THy_BH_65536H.ats	ts/Site_6200/meas_2025-03-15_13-00-00/051_V01_C08_R001_THy_BH_65536H.ats'
2025-04-23 00:40:59	051_2025-03-15_13-00-00	ts/1_unmatched/Site_6200/meas_2025-03-15_13-00-00/051_V01_C09_R001_THz_BH_65536H.ats	ts/Site_6200/meas_2025-03-15_13-00-00/051_V01_C09_R001_THz_BH_65536H.ats'
2025-04-23 00:40:59	051_2025-03-15_13-06-00	ts/1_unmatched/Site_6200/meas_2025-03-15_13-06-00/051_2025-03-15_13-06-00_2025-03-15_13-16-00_R001_16384H.xml	ts/Site_6200/meas_2025-03-15_13-06-00/051_2025-03-15_13-06-00_2025-03-15_13-16-00_R001_16384H.xml'
2025-04-23 00:40:59	051_2025-03-15_13-06-00	ts/1_unmatched/Site_6200/meas_2025-03-15_13-06-00/051_V01_C05_R001_TEx_BH_16384H.ats	ts/Site_6200/meas_2025-03-15_13-06-00/051_V01_C05_R001_TEx_BH_16384H.ats'
2025-04-23 00:40:59	051_2025-03-15_13-06-00	ts/1_unmatched/Site_6200/meas_2025-03-15_13-06-00/051_V01_C06_R001_TEy_BH_16384H.ats	ts/Site_6200/meas_2025-03-15_13-06-00/051_V01_C06_R001_TEy_BH_16384H.ats'
2025-04-23 00:40:59	051_2025-03-15_13-06-00	ts/1_unmatched/Site_6200/meas_2025-03-15_13-06-00/051_V01_C07_R001_THx_BH_16384H.ats	ts/Site_6200/meas_2025-03-15_13-06-00/051_V01_C07_R001_THx_BH_16384H.ats'
2025-04-23 00:40:59	051_2025-03-15_13-06-00	ts/1_unmatched/Site_6200/meas_2025-03-15_13-06-00/051_V01_C08_R001_THy_BH_16384H.ats	ts/Site_6200/meas_2025-03-15_13-06-00/051_V01_C08_R001_THy_BH_16384H.ats'
2025-04-23 00:40:59	051_2025-03-15_13-06-00	ts/1_unmatched/Site_6200/meas_2025-03-15_13-06-00/051_V01_C09_R001_THz_BH_16384H.ats	ts/Site_6200/meas_2025-03-15_13-06-00/051_V01_C09_R001_THz_BH_16384H.ats'
2025-04-23 00:40:59	051_2025-03-15_13-17-00	ts/1_unmatched/Site_6200/meas_2025-03-15_13-17-00/051_2025-03-15_13-17-00_2025-03-15_13-42-00_R001_4096H.xml	ts/Site_6200/meas_2025-03-15_13-17-00/051_2025-03-15_13-17-00_2025-03-15_13-42-00_R001_4096H.xml'
2025-04-23 00:40:59	051_2025-03-15_13-17-00	ts/1_unmatched/Site_6200/meas_2025-03-15_13-17-00/051_V01_C00_R001_TEx_BL_4096H.ats	ts/Site_6200/meas_2025-03-15_13-17-00/051_V01_C00_R001_TEx_BL_4096H.ats'
2025-04-23 00:40:59	051_2025-03-15_13-17-00	ts/1_unmatched/Site_6200/meas_2025-03-15_13-17-00/051_V01_C01_R001_TEy_BL_4096H.ats	ts/Site_6200/meas_2025-03-15_13-17-00/051_V01_C01_R001_TEy_BL_4096H.ats'
2025-04-23 00:40:59	051_2025-03-15_13-17-00	ts/1_unmatched/Site_6200/meas_2025-03-15_13-17-00/051_V01_C02_R001_THx_BL_4096H.ats	ts/Site_6200/meas_2025-03-15_13-17-00/051_V01_C02_R001_THx_BL_4096H.ats'
2025-04-23 00:40:59	051_2025-03-15_13-17-00	ts/1_unmatched/Site_6200/meas_2025-03-15_13-17-00/051_V01_C03_R001_THy_BL_4096H.ats	ts/Site_6200/meas_2025-03-15_13-17-00/051_V01_C03_R001_THy_BL_4096H.ats'
2025-04-23 00:40:59	051_2025-03-15_13-17-00	ts/1_unmatched/Site_6200/meas_2025-03-15_13-17-00/051_V01_C04_R001_THz_BL_4096H.ats	ts/Site_6200/meas_2025-03-15_13-17-00/051_V01_C04_R001_THz_BL_4096H.ats'
2025-04-23 00:40:59	051_2025-03-15_13-44-00	ts/1_unmatched/Site_6200/meas_2025-03-15_13-44-00/051_2025-03-15_13-44-00_2025-03-17_15-09-01_R001_256H.xml	ts/Site_6200/meas_2025-03-15_13-44-00/051_2025-03-15_13-44-00_2025-03-17_15-09-01_R001_256H.xml'
2025-04-23 00:40:59	051_2025-03-15_13-44-00	ts/1_unmatched/Site_6200/meas_2025-03-15_13-44-00/051_V01_C00_R001_TEx_BL_256H.ats	ts/Site_6200/meas_2025-03-15_13-44-00/051_V01_C00_R001_TEx_BL_256H.ats'
2025-04-23 00:40:59	051_2025-03-15_13-44-00	ts/1_unmatched/Site_6200/meas_2025-03-15_13-44-00/051_V01_C01_R001_TEy_BL_256H.ats	ts/Site_6200/meas_2025-03-15_13-44-00/051_V01_C01_R001_TEy_BL_256H.ats'
2025-04-23 00:40:59	051_2025-03-15_13-44-00	ts/1_unmatched/Site_6200/meas_2025-03-15_13-44-00/051_V01_C02_R001_THx_BL_256H.ats	ts/Site_6200/meas_2025-03-15_13-44-00/051_V01_C02_R001_THx_BL_256H.ats'
2025-04-23 00:40:59	051_2025-03-15_13-44-00	ts/1_unmatched/Site_6200/meas_2025-03-15_13-44-00/051_V01_C03_R001_THy_BL_256H.ats	ts/Site_6200/meas_2025-03-15_13-44-00/051_V01_C03_R001_THy_BL_256H.ats'
2025-04-23 00:40:59	051_2025-03-15_13-44-00	ts/1_unmatched/Site_6200/meas_2025-03-15_13-44-00/051_V01_C04_R001_THz_BL_256H.ats	ts/Site_6200/meas_2025-03-15_13-44-00/051_V01_C04_R001_THz_BL_256H.ats'
2025-04-23 00:40:59	051_2025-03-20_10-48-20	ts/1_unmatched/Site_6220/meas_2025-03-20_10-48-20/051_2025-03-20_10-48-20_2025-03-20_10-51-20_R001_65536H.xml	ts/Site_6220/meas_2025-03-20_10-48-20/051_2025-03-20_10-48-20_2025-03-20_10-51-20_R001_65536H.xml'
2025-04-23 00:40:59	051_2025-03-20_10-48-20	ts/1_unmatched/Site_6220/meas_2025-03-20_10-48-20/051_V01_C05_R001_TEx_BH_65536H.ats	ts/Site_6220/meas_2025-03-20_10-48-20/051_V01_C05_R001_TEx_BH_65536H.ats'
2025-04-23 00:40:59	051_2025-03-20_10-48-20	ts/1_unmatched/Site_6220/meas_2025-03-20_10-48-20/051_V01_C06_R001_TEy_BH_65536H.ats	ts/Site_6220/meas_2025-03-20_10-48-20/051_V01_C06_R001_TEy_BH_65536H.ats'
2025-04-23 00:40:59	051_2025-03-20_10-48-20	ts/1_unmatched/Site_6220/meas_2025-03-20_10-48-20/051_V01_C07_R001_THx_BH_65536H.ats	ts/Site_6220/meas_2025-03-20_10-48-20/051_V01_C07_R001_THx_BH_65536H.ats'
2025-04-23 00:40:59	051_2025-03-20_10-48-20	ts/1_unmatched/Site_6220/meas_2025-03-20_10-48-20/051_V01_C08_R001_THy_BH_65536H.ats	ts/Site_6220/meas_2025-03-20_10-48-20/051_V01_C08_R001_THy_BH_65536H.ats'
2025-04-23 00:40:59	051_2025-03-20_10-48-20	ts/1_unmatched/Site_6220/meas_2025-03-20_10-48-20/051_V01_C09_R001_THz_BH_65536H.ats	ts/Site_6220/meas_2025-03-20_10-48-20/051_V01_C09_R001_THz_BH_65536H.ats'
2025-04-23 00:40:59	051_2025-03-20_10-52-20	ts/1_unmatched/Site_6220/meas_2025-03-20_10-52-20/051_2025-03-20_10-52-20_2025-03-20_10-54-20_R001_256H.xml	ts/Site_6220/meas_2025-03-20_10-52-20/051_2025-03-20_10-52-20_2025-03-20_10-54-20_R001_256H.xml'
2025-04-23 00:40:59	051_2025-03-20_10-52-20	ts/1_unmatched/Site_6220/meas_2025-03-20_10-52-20/051_V01_C00_R001_TEx_BL_256H.ats	ts/Site_6220/meas_2025-03-20_10-52-20/051_V01_C00_R001_TEx_BL_256H.ats'
2025-04-23 00:40:59	051_2025-03-20_10-52-20	ts/1_unmatched/Site_6220/meas_2025-03-20_10-52-20/051_V01_C01_R001_TEy_BL_256H.ats	ts/Site_6220/meas_2025-03-20_10-52-20/051_V01_C01_R001_TEy_BL_256H.ats'
2025-04-23 00:40:59	051_2025-03-20_10-52-20	ts/1_unmatched/Site_6220/meas_2025-03-20_10-52-20/051_V01_C02_R001_THx_BL_256H.ats	ts/Site_6220/meas_2025-03-20_10-52-20/051_V01_C02_R001_THx_BL_256H.ats'
2025-04-23 00:40:59	051_2025-03-20_10-52-20	ts/1_unmatched/Site_6220/meas_2025-03-20_10-52-20/051_V01_C03_R001_THy_BL_256H.ats	ts/Site_6220/meas_2025-03-20_10-52-20/051_V01_C03_R001_THy_BL_256H.ats'
2025-04-23 00:40:59	051_2025-03-20_10-52-20	ts/1_unmatched/Site_6220/meas_2025-03-20_10-52-20/051_V01_C04_R001_THz_BL_256H.ats	ts/Site_6220/meas_2025-03-20_10-52-20/051_V01_C04_R001_THz_BL_256H.ats'
2025-04-23 00:40:59	051_2025-03-20_13-00-00	ts/1_unmatched/Site_6220/meas_2025-03-20_13-00-00/051_2025-03-20_13-00-00_2025-03-20_13-30-00_R001_4096H.xml	ts/Site_6220/meas_2025-03-20_13-00-00/051_2025-03-20_13-00-00_2025-03-20_13-30-00_R001_4096H.xml'
2025-04-23 00:40:59	051_2025-03-20_13-00-00	ts/1_unmatched/Site_6220/meas_2025-03-20_13-00-00/051_V01_C05_R001_TEx_BH_4096H.ats	ts/Site_6220/meas_2025-03-20_13-00-00/051_V01_C05_R001_TEx_BH_4096H.ats'
2025-04-23 00:40:59	051_2025-03-20_13-00-00	ts/1_unmatched/Site_6220/meas_2025-03-20_13-00-00/051_V01_C06_R001_TEy_BH_4096H.ats	ts/Site_6220/meas_2025-03-20_13-00-00/051_V01_C06_R001_TEy_BH_4096H.ats'
2025-04-23 00:40:59	051_2025-03-20_13-00-00	ts/1_unmatched/Site_6220/meas_2025-03-20_13-00-00/051_V01_C07_R001_THx_BH_4096H.ats	ts/Site_6220/meas_2025-03-20_13-00-00/051_V01_C07_R001_THx_BH_4096H.ats'
2025-04-23 00:40:59	051_2025-03-20_13-00-00	ts/1_unmatched/Site_6220/meas_2025-03-20_13-00-00/051_V01_C08_R001_THy_BH_4096H.ats	ts/Site_6220/meas_2025-03-20_13-00-00/051_V01_C08_R001_THy_BH_4096H.ats'
2025-04-23 00:40:59	051_2025-03-20_13-00-00	ts/1_unmatched/Site_6220/meas_2025-03-20_13-00-00/051_V01_C09_R001_THz_BH_4096H.ats	ts/Site_6220/meas_2025-03-20_13-00-00/051_V01_C09_R001_THz_BH_4096H.ats'
2025-04-23 00:40:59	051_2025-03-20_13-31-00	ts/1_unmatched/Site_6220/meas_2025-03-20_13-31-00/051_2025-03-20_13-31-00_2025-03-20_14-31-00_R001_512H.xml	ts/Site_6220/meas_2025-03-20_13-31-00/051_2025-03-20_13-31-00_2025-03-20_14-31-00_R001_512H.xml'
2025-04-23 00:40:59	051_2025-03-20_13-31-00	ts/1_unmatched/Site_6220/meas_2025-03-20_13-31-00/051_V01_C00_R001_TEx_BL_512H.ats	ts/Site_6220/meas_2025-03-20_13-31-00/051_V01_C00_R001_TEx_BL_512H.ats'
2025-04-23 00:40:59	051_2025-03-20_13-31-00	ts/1_unmatched/Site_6220/meas_2025-03-20_13-31-00/051_V01_C01_R001_TEy_BL_512H.ats	ts/Site_6220/meas_2025-03-20_13-31-00/051_V01_C01_R001_TEy_BL_512H.ats'
2025-04-23 00:40:59	051_2025-03-20_13-31-00	ts/1_unmatched/Site_6220/meas_2025-03-20_13-31-00/051_V01_C02_R001_THx_BL_512H.ats	ts/Site_6220/meas_2025-03-20_13-31-00/051_V01_C02_R001_THx_BL_512H.ats'
2025-04-23 00:40:59	051_2025-03-20_13-31-00	ts/1_unmatched/Site_6220/meas_2025-03-20_13-31-00/051_V01_C03_R001_THy_BL_512H.ats	ts/Site_6220/meas_2025-03-20_13-31-00/051_V01_C03_R001_THy_BL_512H.ats'
2025-04-23 00:40:59	051_2025-03-20_13-31-00	ts/1_unmatched/Site_6220/meas_2025-03-20_13-31-00/051_V01_C04_R001_THz_BL_512H.ats	ts/Site_6220/meas_2025-03-20_13-31-00/051_V01_C04_R001_THz_BL_512H.ats'
2025-04-23 00:40:59	051_2025-03-20_14-32-00	ts/1_unmatched/Site_6220/meas_2025-03-20_14-32-00/051_2025-03-20_14-32-00_2025-03-21_16-13-18_R001_128H.xml	ts/Site_6220/meas_2025-03-20_14-32-00/051_2025-03-20_14-32-00_2025-03-21_16-13-18_R001_128H.xml'
2025-04-23 00:40:59	051_2025-03-20_14-32-00	ts/1_unmatched/Site_6220/meas_2025-03-20_14-32-00/051_V01_C00_R001_TEx_BL_128H.ats	ts/Site_6220/meas_2025-03-20_14-32-00/051_V01_C00_R001_TEx_BL_128H.ats'
2025-04-23 00:40:59	051_2025-03-20_14-32-00	ts/1_unmatched/Site_6220/meas_2025-03-20_14-32-00/051_V01_C01_R001_TEy_BL_128H.ats	ts/Site_6220/meas_2025-03-20_14-32-00/051_V01_C01_R001_TEy_BL_128H.ats'
2025-04-23 00:40:59	051_2025-03-20_14-32-00	ts/1_unmatched/Site_6220/meas_2025-03-20_14-32-00/051_V01_C02_R001_THx_BL_128H.ats	ts/Site_6220/meas_2025-03-20_14-32-00/051_V01_C02_R001_THx_BL_128H.ats'
2025-04-23 00:40:59	051_2025-03-20_14-32-00	ts/1_unmatched/Site_6220/meas_2025-03-20_14-32-00/051_V01_C03_R001_THy_BL_128H.ats	ts/Site_6220/meas_2025-03-20_14-32-00/051_V01_C03_R001_THy_BL_128H.ats'
2025-04-23 00:40:59	051_2025-03-20_14-32-00	ts/1_unmatched/Site_6220/meas_2025-03-20_14-32-00/051_V01_C04_R001_THz_BL_128H.ats	ts/Site_6220/meas_2025-03-20_14-32-00/051_V01_C04_R001_THz_BL_128H.ats'
2025-04-23 00:40:59	051_2025-03-27_09-58-02	ts/1_unmatched/Site_5220/meas_2025-03-27_09-58-02/051_2025-03-27_09-58-02_2025-03-27_10-00-02_R001_4096H.xml	ts/Site_5220/meas_2025-03-27_09-58-02/051_2025-03-27_09-58-02_2025-03-27_10-00-02_R001_4096H.xml'
2025-04-23 00:40:59	051_2025-03-27_09-58-02	ts/1_unmatched/Site_5220/meas_2025-03-27_09-58-02/051_V01_C05_R001_TEx_BH_4096H.ats	ts/Site_5220/meas_2025-03-27_09-58-02/051_V01_C05_R001_TEx_BH_4096H.ats'
2025-04-23 00:40:59	051_2025-03-27_09-58-02	ts/1_unmatched/Site_5220/meas_2025-03-27_09-58-02/051_V01_C06_R001_TEy_BH_4096H.ats	ts/Site_5220/meas_2025-03-27_09-58-02/051_V01_C06_R001_TEy_BH_4096H.ats'
2025-04-23 00:40:59	051_2025-03-27_09-58-02	ts/1_unmatched/Site_5220/meas_2025-03-27_09-58-02/051_V01_C07_R001_THx_BH_4096H.ats	ts/Site_5220/meas_2025-03-27_09-58-02/051_V01_C07_R001_THx_BH_4096H.ats'
2025-04-23 00:40:59	051_2025-03-27_09-58-02	ts/1_unmatched/Site_5220/meas_2025-03-27_09-58-02/051_V01_C08_R001_THy_BH_4096H.ats	ts/Site_5220/meas_2025-03-27_09-58-02/051_V01_C08_R001_THy_BH_4096H.ats'
2025-04-23 00:40:59	051_2025-03-27_09-58-02	ts/1_unmatched/Site_5220/meas_2025-03-27_09-58-02/051_V01_C09_R001_THz_BH_4096H.ats	ts/Site_5220/meas_2025-03-27_09-58-02/051_V01_C09_R001_THz_BH_4096H.ats'
2025-04-23 00:40:59	051_2025-03-27_10-01-02	ts/1_unmatched/Site_5220/meas_2025-03-27_10-01-02/051_2025-03-27_10-01-02_2025-03-27_10-03-02_R001_128H.xml	ts/Site_5220/meas_2025-03-27_10-01-02/051_2025-03-27_10-01-02_2025-03-27_10-03-02_R001_128H.xml'
2025-04-23 00:40:59	051_2025-03-27_10-01-02	ts/1_unmatched/Site_5220/meas_2025-03-27_10-01-02/051_V01_C00_R001_TEx_BL_128H.ats	ts/Site_5220/meas_2025-03-27_10-01-02/051_V01_C00_R001_TEx_BL_128H.ats'
2025-04-23 00:40:59	051_2025-03-27_10-01-02	ts/1_unmatched/Site_5220/meas_2025-03-27_10-01-02/051_V01_C01_R001_TEy_BL_128H.ats	ts/Site_5220/meas_2025-03-27_10-01-02/051_V01_C01_R001_TEy_BL_128H.ats'
2025-04-23 00:40:59	051_2025-03-27_10-01-02	ts/1_unmatched/Site_5220/meas_2025-03-27_10-01-02/051_V01_C02_R001_THx_BL_128H.ats	ts/Site_5220/meas_2025-03-27_10-01-02/051_V01_C02_R001_THx_BL_128H.ats'
2025-04-23 00:40:59	051_2025-03-27_10-01-02	ts/1_unmatched/Site_5220/meas_2025-03-27_10-01-02/051_V01_C03_R001_THy_BL_128H.ats	ts/Site_5220/meas_2025-03-27_10-01-02/051_V01_C03_R001_THy_BL_128H.ats'
2025-04-23 00:40:59	051_2025-03-27_10-01-02	ts/1_unmatched/Site_5220/meas_2025-03-27_10-01-02/051_V01_C04_R001_THz_BL_128H.ats	ts/Site_5220/meas_2025-03-27_10-01-02/051_V01_C04_R001_THz_BL_128H.ats'
2025-04-23 00:40:59	051_2025-03-27_13-00-00	ts/1_unmatched/Site_5220/meas_2025-03-27_13-00-00/051_2025-03-27_13-00-00_2025-03-27_13-30-00_R001_4096H.xml	ts/Site_5220/meas_2025-03-27_13-00-00/051_2025-03-27_13-00-00_2025-03-27_13-30-00_R001_4096H.xml'
2025-04-23 00:40:59	051_2025-03-27_13-00-00	ts/1_unmatched/Site_5220/meas_2025-03-27_13-00-00/051_V01_C05_R001_TEx_BH_4096H.ats	ts/Site_5220/meas_2025-03-27_13-00-00/051_V01_C05_R001_TEx_BH_4096H.ats'
2025-04-23 00:40:59	051_2025-03-27_13-00-00	ts/1_unmatched/Site_5220/meas_2025-03-27_13-00-00/051_V01_C06_R001_TEy_BH_4096H.ats	ts/Site_5220/meas_2025-03-27_13-00-00/051_V01_C06_R001_TEy_BH_4096H.ats'
2025-04-23 00:40:59	051_2025-03-27_13-00-00	ts/1_unmatched/Site_5220/meas_2025-03-27_13-00-00/051_V01_C07_R001_THx_BH_4096H.ats	ts/Site_5220/meas_2025-03-27_13-00-00/051_V01_C07_R001_THx_BH_4096H.ats'
2025-04-23 00:40:59	051_2025-03-27_13-00-00	ts/1_unmatched/Site_5220/meas_2025-03-27_13-00-00/051_V01_C08_R001_THy_BH_4096H.ats	ts/Site_5220/meas_2025-03-27_13-00-00/051_V01_C08_R001_THy_BH_4096H.ats'
2025-04-23 00:40:59	051_2025-03-27_13-00-00	ts/1_unmatched/Site_5220/meas_2025-03-27_13-00-00/051_V01_C09_R001_THz_BH_4096H.ats	ts/Site_5220/meas_2025-03-27_13-00-00/051_V01_C09_R001_THz_BH_4096H.ats'
2025-04-23 00:40:59	051_2025-03-27_13-31-00	ts/1_unmatched/Site_5220/meas_2025-03-27_13-31-00/051_2025-03-27_13-31-00_2025-03-27_14-31-00_R001_512H.xml	ts/Site_5220/meas_2025-03-27_13-31-00/051_2025-03-27_13-31-00_2025-03-27_14-31-00_R001_512H.xml'
2025-04-23 00:40:59	051_2025-03-27_13-31-00	ts/1_unmatched/Site_5220/meas_2025-03-27_13-31-00/051_V01_C00_R001_TEx_BL_512H.ats	ts/Site_5220/meas_2025-03-27_13-31-00/051_V01_C00_R001_TEx_BL_512H.ats'
2025-04-23 00:40:59	051_2025-03-27_13-31-00	ts/1_unmatched/Site_5220/meas_2025-03-27_13-31-00/051_V01_C01_R001_TEy_BL_512H.ats	ts/Site_5220/meas_2025-03-27_13-31-00/051_V01_C01_R001_TEy_BL_512H.ats'
2025-04-23 00:40:59	051_2025-03-27_13-31-00	ts/1_unmatched/Site_5220/meas_2025-03-27_13-31-00/051_V01_C02_R001_THx_BL_512H.ats	ts/Site_5220/meas_2025-03-27_13-31-00/051_V01_C02_R001_THx_BL_512H.ats'
2025-04-23 00:40:59	051_2025-03-27_13-31-00	ts/1_unmatched/Site_5220/meas_2025-03-27_13-31-00/051_V01_C03_R001_THy_BL_512H.ats	ts/Site_5220/meas_2025-03-27_13-31-00/051_V01_C03_R001_THy_BL_512H.ats'
2025-04-23 00:40:59	051_2025-03-27_13-31-00	ts/1_unmatched/Site_5220/meas_2025-03-27_13-31-00/051_V01_C04_R001_THz_BL_512H.ats	ts/Site_5220/meas_2025-03-27_13-31-00/051_V01_C04_R001_THz_BL_512H.ats'
2025-04-23 00:40:59	051_2025-03-27_14-32-00	ts/1_unmatched/Site_5220/meas_2025-03-27_14-32-00/051_2025-03-27_14-32-00_2025-03-28_13-59-46_R001_128H.xml	ts/Site_5220/meas_2025-03-27_14-32-00/051_2025-03-27_14-32-00_2025-03-28_13-59-46_R001_128H.xml'
2025-04-23 00:40:59	051_2025-03-27_14-32-00	ts/1_unmatched/Site_5220/meas_2025-03-27_14-32-00/051_V01_C00_R001_TEx_BL_128H.ats	ts/Site_5220/meas_2025-03-27_14-32-00/051_V01_C00_R001_TEx_BL_128H.ats'
2025-04-23 00:40:59	051_2025-03-27_14-32-00	ts/1_unmatched/Site_5220/meas_2025-03-27_14-32-00/051_V01_C01_R001_TEy_BL_128H.ats	ts/Site_5220/meas_2025-03-27_14-32-00/051_V01_C01_R001_TEy_BL_128H.ats'
2025-04-23 00:40:59	051_2025-03-27_14-32-00	ts/1_unmatched/Site_5220/meas_2025-03-27_14-32-00/051_V01_C02_R001_THx_BL_128H.ats	ts/Site_5220/meas_2025-03-27_14-32-00/051_V01_C02_R001_THx_BL_128H.ats'
2025-04-23 00:40:59	051_2025-03-27_14-32-00	ts/1_unmatched/Site_5220/meas_2025-03-27_14-32-00/051_V01_C03_R001_THy_BL_128H.ats	ts/Site_5220/meas_2025-03-27_14-32-00/051_V01_C03_R001_THy_BL_128H.ats'
2025-04-23 00:40:59	051_2025-03-27_14-32-00	ts/1_unmatched/Site_5220/meas_2025-03-27_14-32-00/051_V01_C04_R001_THz_BL_128H.ats	ts/Site_5220/meas_2025-03-27_14-32-00/051_V01_C04_R001_THz_BL_128H.ats'
2025-04-23 00:40:59	051_2025-03-29_10-12-49	ts/1_unmatched/Site_6210/meas_2025-03-29_10-12-49/051_2025-03-29_10-12-49_2025-03-29_10-14-49_R001_4096H.xml	ts/Site_6210/meas_2025-03-29_10-12-49/051_2025-03-29_10-12-49_2025-03-29_10-14-49_R001_4096H.xml'
2025-04-23 00:40:59	051_2025-03-29_10-12-49	ts/1_unmatched/Site_6210/meas_2025-03-29_10-12-49/051_V01_C05_R001_TEx_BH_4096H.ats	ts/Site_6210/meas_2025-03-29_10-12-49/051_V01_C05_R001_TEx_BH_4096H.ats'
2025-04-23 00:40:59	051_2025-03-29_10-12-49	ts/1_unmatched/Site_6210/meas_2025-03-29_10-12-49/051_V01_C06_R001_TEy_BH_4096H.ats	ts/Site_6210/meas_2025-03-29_10-12-49/051_V01_C06_R001_TEy_BH_4096H.ats'
2025-04-23 00:40:59	051_2025-03-29_10-12-49	ts/1_unmatched/Site_6210/meas_2025-03-29_10-12-49/051_V01_C07_R001_THx_BH_4096H.ats	ts/Site_6210/meas_2025-03-29_10-12-49/051_V01_C07_R001_THx_BH_4096H.ats'
2025-04-23 00:40:59	051_2025-03-29_10-12-49	ts/1_unmatched/Site_6210/meas_2025-03-29_10-12-49/051_V01_C08_R001_THy_BH_4096H.ats	ts/Site_6210/meas_2025-03-29_10-12-49/051_V01_C08_R001_THy_BH_4096H.ats'
2025-04-23 00:40:59	051_2025-03-29_10-12-49	ts/1_unmatched/Site_6210/meas_2025-03-29_10-12-49/051_V01_C09_R001_THz_BH_4096H.ats	ts/Site_6210/meas_2025-03-29_10-12-49/051_V01_C09_R001_THz_BH_4096H.ats'
2025-04-23 00:40:59	051_2025-03-29_10-15-49	ts/1_unmatched/Site_6210/meas_2025-03-29_10-15-49/051_2025-03-29_10-15-49_2025-03-29_10-17-49_R001_128H.xml	ts/Site_6210/meas_2025-03-29_10-15-49/051_2025-03-29_10-15-49_2025-03-29_10-17-49_R001_128H.xml'
2025-04-23 00:40:59	051_2025-03-29_10-15-49	ts/1_unmatched/Site_6210/meas_2025-03-29_10-15-49/051_V01_C00_R001_TEx_BL_128H.ats	ts/Site_6210/meas_2025-03-29_10-15-49/051_V01_C00_R001_TEx_BL_128H.ats'
2025-04-23 00:40:59	051_2025-03-29_10-15-49	ts/1_unmatched/Site_6210/meas_2025-03-29_10-15-49/051_V01_C01_R001_TEy_BL_128H.ats	ts/Site_6210/meas_2025-03-29_10-15-49/051_V01_C01_R001_TEy_BL_128H.ats'
2025-04-23 00:40:59	051_2025-03-29_10-15-49	ts/1_unmatched/Site_6210/meas_2025-03-29_10-15-49/051_V01_C02_R001_THx_BL_128H.ats	ts/Site_6210/meas_2025-03-29_10-15-49/051_V01_C02_R001_THx_BL_128H.ats'
2025-04-23 00:40:59	051_2025-03-29_10-15-49	ts/1_unmatched/Site_6210/meas_2025-03-29_10-15-49/051_V01_C03_R001_THy_BL_128H.ats	ts/Site_6210/meas_2025-03-29_10-15-49/051_V01_C03_R001_THy_BL_128H.ats'
2025-04-23 00:40:59	051_2025-03-29_10-15-49	ts/1_unmatched/Site_6210/meas_2025-03-29_10-15-49/051_V01_C04_R001_THz_BL_128H.ats	ts/Site_6210/meas_2025-03-29_10-15-49/051_V01_C04_R001_THz_BL_128H.ats'
2025-04-23 00:40:59	051_2025-03-29_13-00-00	ts/1_unmatched/Site_6210/meas_2025-03-29_13-00-00/051_2025-03-29_13-00-00_2025-03-29_13-30-00_R001_4096H.xml	ts/Site_6210/meas_2025-03-29_13-00-00/051_2025-03-29_13-00-00_2025-03-29_13-30-00_R001_4096H.xml'
2025-04-23 00:40:59	051_2025-03-29_13-00-00	ts/1_unmatched/Site_6210/meas_2025-03-29_13-00-00/051_V01_C05_R001_TEx_BH_4096H.ats	ts/Site_6210/meas_2025-03-29_13-00-00/051_V01_C05_R001_TEx_BH_4096H.ats'
2025-04-23 00:40:59	051_2025-03-29_13-00-00	ts/1_unmatched/Site_6210/meas_2025-03-29_13-00-00/051_V01_C06_R001_TEy_BH_4096H.ats	ts/Site_6210/meas_2025-03-29_13-00-00/051_V01_C06_R001_TEy_BH_4096H.ats'
2025-04-23 00:40:59	051_2025-03-29_13-00-00	ts/1_unmatched/Site_6210/meas_2025-03-29_13-00-00/051_V01_C07_R001_THx_BH_4096H.ats	ts/Site_6210/meas_2025-03-29_13-00-00/051_V01_C07_R001_THx_BH_4096H.ats'
2025-04-23 00:40:59	051_2025-03-29_13-00-00	ts/1_unmatched/Site_6210/meas_2025-03-29_13-00-00/051_V01_C08_R001_THy_BH_4096H.ats	ts/Site_6210/meas_2025-03-29_13-00-00/051_V01_C08_R001_THy_BH_4096H.ats'
2025-04-23 00:40:59	051_2025-03-29_13-00-00	ts/1_unmatched/Site_6210/meas_2025-03-29_13-00-00/051_V01_C09_R001_THz_BH_4096H.ats	ts/Site_6210/meas_2025-03-29_13-00-00/051_V01_C09_R001_THz_BH_4096H.ats'
2025-04-23 00:40:59	051_2025-03-29_13-31-00	ts/1_unmatched/Site_6210/meas_2025-03-29_13-31-00/051_2025-03-29_13-31-00_2025-03-29_14-31-00_R001_512H.xml	ts/Site_6210/meas_2025-03-29_13-31-00/051_2025-03-29_13-31-00_2025-03-29_14-31-00_R001_512H.xml'
2025-04-23 00:40:59	051_2025-03-29_13-31-00	ts/1_unmatched/Site_6210/meas_2025-03-29_13-31-00/051_V01_C00_R001_TEx_BL_512H.ats	ts/Site_6210/meas_2025-03-29_13-31-00/051_V01_C00_R001_TEx_BL_512H.ats'
2025-04-23 00:40:59	051_2025-03-29_13-31-00	ts/1_unmatched/Site_6210/meas_2025-03-29_13-31-00/051_V01_C01_R001_TEy_BL_512H.ats	ts/Site_6210/meas_2025-03-29_13-31-00/051_V01_C01_R001_TEy_BL_512H.ats'
2025-04-23 00:40:59	051_2025-03-29_13-31-00	ts/1_unmatched/Site_6210/meas_2025-03-29_13-31-00/051_V01_C02_R001_THx_BL_512H.ats	ts/Site_6210/meas_2025-03-29_13-31-00/051_V01_C02_R001_THx_BL_512H.ats'
2025-04-23 00:40:59	051_2025-03-29_13-31-00	ts/1_unmatched/Site_6210/meas_2025-03-29_13-31-00/051_V01_C03_R001_THy_BL_512H.ats	ts/Site_6210/meas_2025-03-29_13-31-00/051_V01_C03_R001_THy_BL_512H.ats'
2025-04-23 00:40:59	051_2025-03-29_13-31-00	ts/1_unmatched/Site_6210/meas_2025-03-29_13-31-00/051_V01_C04_R001_THz_BL_512H.ats	ts/Site_6210/meas_2025-03-29_13-31-00/051_V01_C04_R001_THz_BL_512H.ats'
2025-04-23 00:40:59	051_2025-03-29_14-32-00	ts/1_unmatched/Site_6210/meas_2025-03-29_14-32-00/051_2025-03-29_14-32-00_2025-03-31_12-39-45_R001_128H.xml	ts/Site_6210/meas_2025-03-29_14-32-00/051_2025-03-29_14-32-00_2025-03-31_12-39-45_R001_128H.xml'
2025-04-23 00:40:59	051_2025-03-29_14-32-00	ts/1_unmatched/Site_6210/meas_2025-03-29_14-32-00/051_V01_C00_R001_TEx_BL_128H.ats	ts/Site_6210/meas_2025-03-29_14-32-00/051_V01_C00_R001_TEx_BL_128H.ats'
2025-04-23 00:40:59	051_2025-03-29_14-32-00	ts/1_unmatched/Site_6210/meas_2025-03-29_14-32-00/051_V01_C01_R001_TEy_BL_128H.ats	ts/Site_6210/meas_2025-03-29_14-32-00/051_V01_C01_R001_TEy_BL_128H.ats'
2025-04-23 00:40:59	051_2025-03-29_14-32-00	ts/1_unmatched/Site_6210/meas_2025-03-29_14-32-00/051_V01_C02_R001_THx_BL_128H.ats	ts/Site_6210/meas_2025-03-29_14-32-00/051_V01_C02_R001_THx_BL_128H.ats'
2025-04-23 00:40:59	051_2025-03-29_14-32-00	ts/1_unmatched/Site_6210/meas_2025-03-29_14-32-00/051_V01_C03_R001_THy_BL_128H.ats	ts/Site_6210/meas_2025-03-29_14-32-00/051_V01_C03_R001_THy_BL_128H.ats'
2025-04-23 00:40:59	051_2025-03-29_14-32-00	ts/1_unmatched/Site_6210/meas_2025-03-29_14-32-00/051_V01_C04_R001_THz_BL_128H.ats	ts/Site_6210/meas_2025-03-29_14-32-00/051_V01_C04_R001_THz_BL_128H.ats'
2025-04-23 00:40:59	221_2025-03-05_12-04-23	ts/1_unmatched/Site_7050/meas_2025-03-05_12-04-23/221_2025-03-05_12-04-23_2025-03-05_12-11-23_R001_65536H.xml	ts/Site_7050/meas_2025-03-05_12-04-23/221_2025-03-05_12-04-23_2025-03-05_12-11-23_R001_65536H.xml'
2025-04-23 00:40:59	221_2025-03-05_12-04-23	ts/1_unmatched/Site_7050/meas_2025-03-05_12-04-23/221_V01_C05_R001_TEx_BH_65536H.ats	ts/Site_7050/meas_2025-03-05_12-04-23/221_V01_C05_R001_TEx_BH_65536H.ats'
2025-04-23 00:40:59	221_2025-03-05_12-04-23	ts/1_unmatched/Site_7050/meas_2025-03-05_12-04-23/221_V01_C06_R001_TEy_BH_65536H.ats	ts/Site_7050/meas_2025-03-05_12-04-23/221_V01_C06_R001_TEy_BH_65536H.ats'
2025-04-23 00:40:59	221_2025-03-05_12-04-23	ts/1_unmatched/Site_7050/meas_2025-03-05_12-04-23/221_V01_C07_R001_THx_BH_65536H.ats	ts/Site_7050/meas_2025-03-05_12-04-23/221_V01_C07_R001_THx_BH_65536H.ats'
2025-04-23 00:40:59	221_2025-03-05_12-04-23	ts/1_unmatched/Site_7050/meas_2025-03-05_12-04-23/221_V01_C08_R001_THy_BH_65536H.ats	ts/Site_7050/meas_2025-03-05_12-04-23/221_V01_C08_R001_THy_BH_65536H.ats'
2025-04-23 00:40:59	221_2025-03-05_12-04-23	ts/1_unmatched/Site_7050/meas_2025-03-05_12-04-23/221_V01_C09_R001_THz_BH_65536H.ats	ts/Site_7050/meas_2025-03-05_12-04-23/221_V01_C09_R001_THz_BH_65536H.ats'
2025-04-23 00:40:59	221_2025-03-05_12-12-23	ts/1_unmatched/Site_7050/meas_2025-03-05_12-12-23/221_2025-03-05_12-12-23_2025-03-05_12-14-23_R001_256H.xml	ts/Site_7050/meas_2025-03-05_12-12-23/221_2025-03-05_12-12-23_2025-03-05_12-14-23_R001_256H.xml'
2025-04-23 00:40:59	221_2025-03-05_12-12-23	ts/1_unmatched/Site_7050/meas_2025-03-05_12-12-23/221_V01_C00_R001_TEx_BL_256H.ats	ts/Site_7050/meas_2025-03-05_12-12-23/221_V01_C00_R001_TEx_BL_256H.ats'
2025-04-23 00:40:59	221_2025-03-05_12-12-23	ts/1_unmatched/Site_7050/meas_2025-03-05_12-12-23/221_V01_C01_R001_TEy_BL_256H.ats	ts/Site_7050/meas_2025-03-05_12-12-23/221_V01_C01_R001_TEy_BL_256H.ats'
2025-04-23 00:40:59	221_2025-03-05_12-12-23	ts/1_unmatched/Site_7050/meas_2025-03-05_12-12-23/221_V01_C02_R001_THx_BL_256H.ats	ts/Site_7050/meas_2025-03-05_12-12-23/221_V01_C02_R001_THx_BL_256H.ats'
2025-04-23 00:40:59	221_2025-03-05_12-12-23	ts/1_unmatched/Site_7050/meas_2025-03-05_12-12-23/221_V01_C03_R001_THy_BL_256H.ats	ts/Site_7050/meas_2025-03-05_12-12-23/221_V01_C03_R001_THy_BL_256H.ats'
2025-04-23 00:40:59	221_2025-03-05_12-12-23	ts/1_unmatched/Site_7050/meas_2025-03-05_12-12-23/221_V01_C04_R001_THz_BL_256H.ats	ts/Site_7050/meas_2025-03-05_12-12-23/221_V01_C04_R001_THz_BL_256H.ats'
2025-04-23 00:40:59	221_2025-03-05_13-00-00	ts/1_unmatched/Site_7050/meas_2025-03-05_13-00-00/221_2025-03-05_13-00-00_2025-03-05_13-05-00_R001_65536H.xml	ts/Site_7050/meas_2025-03-05_13-00-00/221_2025-03-05_13-00-00_2025-03-05_13-05-00_R001_65536H.xml'
2025-04-23 00:40:59	221_2025-03-05_13-00-00	ts/1_unmatched/Site_7050/meas_2025-03-05_13-00-00/221_V01_C05_R001_TEx_BH_65536H.ats	ts/Site_7050/meas_2025-03-05_13-00-00/221_V01_C05_R001_TEx_BH_65536H.ats'
2025-04-23 00:40:59	221_2025-03-05_13-00-00	ts/1_unmatched/Site_7050/meas_2025-03-05_13-00-00/221_V01_C06_R001_TEy_BH_65536H.ats	ts/Site_7050/meas_2025-03-05_13-00-00/221_V01_C06_R001_TEy_BH_65536H.ats'
2025-04-23 00:40:59	221_2025-03-05_13-00-00	ts/1_unmatched/Site_7050/meas_2025-03-05_13-00-00/221_V01_C07_R001_THx_BH_65536H.ats	ts/Site_7050/meas_2025-03-05_13-00-00/221_V01_C07_R001_THx_BH_65536H.ats'
2025-04-23 00:40:59	221_2025-03-05_13-00-00	ts/1_unmatched/Site_7050/meas_2025-03-05_13-00-00/221_V01_C08_R001_THy_BH_65536H.ats	ts/Site_7050/meas_2025-03-05_13-00-00/221_V01_C08_R001_THy_BH_65536H.ats'
2025-04-23 00:40:59	221_2025-03-05_13-00-00	ts/1_unmatched/Site_7050/meas_2025-03-05_13-00-00/221_V01_C09_R001_THz_BH_65536H.ats	ts/Site_7050/meas_2025-03-05_13-00-00/221_V01_C09_R001_THz_BH_65536H.ats'
2025-04-23 00:40:59	221_2025-03-05_13-06-00	ts/1_unmatched/Site_7050/meas_2025-03-05_13-06-00/221_2025-03-05_13-06-00_2025-03-05_13-16-00_R001_16384H.xml	ts/Site_7050/meas_2025-03-05_13-06-00/221_2025-03-05_13-06-00_2025-03-05_13-16-00_R001_16384H.xml'
2025-04-23 00:40:59	221_2025-03-05_13-06-00	ts/1_unmatched/Site_7050/meas_2025-03-05_13-06-00/221_V01_C05_R001_TEx_BH_16384H.ats	ts/Site_7050/meas_2025-03-05_13-06-00/221_V01_C05_R001_TEx_BH_16384H.ats'
2025-04-23 00:40:59	221_2025-03-05_13-06-00	ts/1_unmatched/Site_7050/meas_2025-03-05_13-06-00/221_V01_C06_R001_TEy_BH_16384H.ats	ts/Site_7050/meas_2025-03-05_13-06-00/221_V01_C06_R001_TEy_BH_16384H.ats'
2025-04-23 00:40:59	221_2025-03-05_13-06-00	ts/1_unmatched/Site_7050/meas_2025-03-05_13-06-00/221_V01_C07_R001_THx_BH_16384H.ats	ts/Site_7050/meas_2025-03-05_13-06-00/221_V01_C07_R001_THx_BH_16384H.ats'
2025-04-23 00:40:59	221_2025-03-05_13-06-00	ts/1_unmatched/Site_7050/meas_2025-03-05_13-06-00/221_V01_C08_R001_THy_BH_16384H.ats	ts/Site_7050/meas_2025-03-05_13-06-00/221_V01_C08_R001_THy_BH_16384H.ats'
2025-04-23 00:40:59	221_2025-03-05_13-06-00	ts/1_unmatched/Site_7050/meas_2025-03-05_13-06-00/221_V01_C09_R001_THz_BH_16384H.ats	ts/Site_7050/meas_2025-03-05_13-06-00/221_V01_C09_R001_THz_BH_16384H.ats'
2025-04-23 00:40:59	221_2025-03-05_13-17-00	ts/1_unmatched/Site_7050/meas_2025-03-05_13-17-00/221_2025-03-05_13-17-00_2025-03-05_13-42-00_R001_4096H.xml	ts/Site_7050/meas_2025-03-05_13-17-00/221_2025-03-05_13-17-00_2025-03-05_13-42-00_R001_4096H.xml'
2025-04-23 00:40:59	221_2025-03-05_13-17-00	ts/1_unmatched/Site_7050/meas_2025-03-05_13-17-00/221_V01_C00_R001_TEx_BL_4096H.ats	ts/Site_7050/meas_2025-03-05_13-17-00/221_V01_C00_R001_TEx_BL_4096H.ats'
2025-04-23 00:40:59	221_2025-03-05_13-17-00	ts/1_unmatched/Site_7050/meas_2025-03-05_13-17-00/221_V01_C01_R001_TEy_BL_4096H.ats	ts/Site_7050/meas_2025-03-05_13-17-00/221_V01_C01_R001_TEy_BL_4096H.ats'
2025-04-23 00:40:59	221_2025-03-05_13-17-00	ts/1_unmatched/Site_7050/meas_2025-03-05_13-17-00/221_V01_C02_R001_THx_BL_4096H.ats	ts/Site_7050/meas_2025-03-05_13-17-00/221_V01_C02_R001_THx_BL_4096H.ats'
2025-04-23 00:40:59	221_2025-03-05_13-17-00	ts/1_unmatched/Site_7050/meas_2025-03-05_13-17-00/221_V01_C03_R001_THy_BL_4096H.ats	ts/Site_7050/meas_2025-03-05_13-17-00/221_V01_C03_R001_THy_BL_4096H.ats'
2025-04-23 00:40:59	221_2025-03-05_13-17-00	ts/1_unmatched/Site_7050/meas_2025-03-05_13-17-00/221_V01_C04_R001_THz_BL_4096H.ats	ts/Site_7050/meas_2025-03-05_13-17-00/221_V01_C04_R001_THz_BL_4096H.ats'
2025-04-23 00:40:59	221_2025-03-05_13-44-00	ts/1_unmatched/Site_7050/meas_2025-03-05_13-44-00/221_2025-03-05_13-44-00_2025-03-06_09-50-07_R001_256H.xml	ts/Site_7050/meas_2025-03-05_13-44-00/221_2025-03-05_13-44-00_2025-03-06_09-50-07_R001_256H.xml'
2025-04-23 00:40:59	221_2025-03-05_13-44-00	ts/1_unmatched/Site_7050/meas_2025-03-05_13-44-00/221_V01_C00_R001_TEx_BL_256H.ats	ts/Site_7050/meas_2025-03-05_13-44-00/221_V01_C00_R001_TEx_BL_256H.ats'
2025-04-23 00:40:59	221_2025-03-05_13-44-00	ts/1_unmatched/Site_7050/meas_2025-03-05_13-44-00/221_V01_C01_R001_TEy_BL_256H.ats	ts/Site_7050/meas_2025-03-05_13-44-00/221_V01_C01_R001_TEy_BL_256H.ats'
2025-04-23 00:40:59	221_2025-03-05_13-44-00	ts/1_unmatched/Site_7050/meas_2025-03-05_13-44-00/221_V01_C02_R001_THx_BL_256H.ats	ts/Site_7050/meas_2025-03-05_13-44-00/221_V01_C02_R001_THx_BL_256H.ats'
2025-04-23 00:40:59	221_2025-03-05_13-44-00	ts/1_unmatched/Site_7050/meas_2025-03-05_13-44-00/221_V01_C03_R001_THy_BL_256H.ats	ts/Site_7050/meas_2025-03-05_13-44-00/221_V01_C03_R001_THy_BL_256H.ats'
2025-04-23 00:40:59	221_2025-03-05_13-44-00	ts/1_unmatched/Site_7050/meas_2025-03-05_13-44-00/221_V01_C04_R001_THz_BL_256H.ats	ts/Site_7050/meas_2025-03-05_13-44-00/221_V01_C04_R001_THz_BL_256H.ats'
2025-04-23 00:40:59	282_2025-03-04_10-38-55	ts/1_unmatched/Site_7040/meas_2025-03-04_10-38-55/282_2025-03-04_10-38-55_2025-03-04_10-40-55_R001_65536H.xml	ts/Site_7040/meas_2025-03-04_10-38-55/282_2025-03-04_10-38-55_2025-03-04_10-40-55_R001_65536H.xml'
2025-04-23 00:40:59	282_2025-03-04_10-38-55	ts/1_unmatched/Site_7040/meas_2025-03-04_10-38-55/282_V01_C05_R001_TEx_BH_65536H.ats	ts/Site_7040/meas_2025-03-04_10-38-55/282_V01_C05_R001_TEx_BH_65536H.ats'
2025-04-23 00:40:59	282_2025-03-04_10-38-55	ts/1_unmatched/Site_7040/meas_2025-03-04_10-38-55/282_V01_C06_R001_TEy_BH_65536H.ats	ts/Site_7040/meas_2025-03-04_10-38-55/282_V01_C06_R001_TEy_BH_65536H.ats'
2025-04-23 00:40:59	282_2025-03-04_10-38-55	ts/1_unmatched/Site_7040/meas_2025-03-04_10-38-55/282_V01_C07_R001_THx_BH_65536H.ats	ts/Site_7040/meas_2025-03-04_10-38-55/282_V01_C07_R001_THx_BH_65536H.ats'
2025-04-23 00:40:59	282_2025-03-04_10-38-55	ts/1_unmatched/Site_7040/meas_2025-03-04_10-38-55/282_V01_C08_R001_THy_BH_65536H.ats	ts/Site_7040/meas_2025-03-04_10-38-55/282_V01_C08_R001_THy_BH_65536H.ats'
2025-04-23 00:40:59	282_2025-03-04_10-38-55	ts/1_unmatched/Site_7040/meas_2025-03-04_10-38-55/282_V01_C09_R001_THz_BH_65536H.ats	ts/Site_7040/meas_2025-03-04_10-38-55/282_V01_C09_R001_THz_BH_65536H.ats'
2025-04-23 00:40:59	282_2025-03-04_10-41-55	ts/1_unmatched/Site_7040/meas_2025-03-04_10-41-55/282_2025-03-04_10-41-55_2025-03-04_10-43-55_R001_256H.xml	ts/Site_7040/meas_2025-03-04_10-41-55/282_2025-03-04_10-41-55_2025-03-04_10-43-55_R001_256H.xml'
2025-04-23 00:40:59	282_2025-03-04_10-41-55	ts/1_unmatched/Site_7040/meas_2025-03-04_10-41-55/282_V01_C00_R001_TEx_BL_256H.ats	ts/Site_7040/meas_2025-03-04_10-41-55/282_V01_C00_R001_TEx_BL_256H.ats'
2025-04-23 00:40:59	282_2025-03-04_10-41-55	ts/1_unmatched/Site_7040/meas_2025-03-04_10-41-55/282_V01_C01_R001_TEy_BL_256H.ats	ts/Site_7040/meas_2025-03-04_10-41-55/282_V01_C01_R001_TEy_BL_256H.ats'
2025-04-23 00:40:59	282_2025-03-04_10-41-55	ts/1_unmatched/Site_7040/meas_2025-03-04_10-41-55/282_V01_C02_R001_THx_BL_256H.ats	ts/Site_7040/meas_2025-03-04_10-41-55/282_V01_C02_R001_THx_BL_256H.ats'
2025-04-23 00:40:59	282_2025-03-04_10-41-55	ts/1_unmatched/Site_7040/meas_2025-03-04_10-41-55/282_V01_C03_R001_THy_BL_256H.ats	ts/Site_7040/meas_2025-03-04_10-41-55/282_V01_C03_R001_THy_BL_256H.ats'
2025-04-23 00:40:59	282_2025-03-04_10-41-55	ts/1_unmatched/Site_7040/meas_2025-03-04_10-41-55/282_V01_C04_R001_THz_BL_256H.ats	ts/Site_7040/meas_2025-03-04_10-41-55/282_V01_C04_R001_THz_BL_256H.ats'
2025-04-23 00:40:59	282_2025-03-04_13-00-00	ts/1_unmatched/Site_7040/meas_2025-03-04_13-00-00/282_2025-03-04_13-00-00_2025-03-04_13-05-00_R001_65536H.xml	ts/Site_7040/meas_2025-03-04_13-00-00/282_2025-03-04_13-00-00_2025-03-04_13-05-00_R001_65536H.xml'
2025-04-23 00:40:59	282_2025-03-04_13-00-00	ts/1_unmatched/Site_7040/meas_2025-03-04_13-00-00/282_V01_C05_R001_TEx_BH_65536H.ats	ts/Site_7040/meas_2025-03-04_13-00-00/282_V01_C05_R001_TEx_BH_65536H.ats'
2025-04-23 00:40:59	282_2025-03-04_13-00-00	ts/1_unmatched/Site_7040/meas_2025-03-04_13-00-00/282_V01_C06_R001_TEy_BH_65536H.ats	ts/Site_7040/meas_2025-03-04_13-00-00/282_V01_C06_R001_TEy_BH_65536H.ats'
2025-04-23 00:40:59	282_2025-03-04_13-00-00	ts/1_unmatched/Site_7040/meas_2025-03-04_13-00-00/282_V01_C07_R001_THx_BH_65536H.ats	ts/Site_7040/meas_2025-03-04_13-00-00/282_V01_C07_R001_THx_BH_65536H.ats'
2025-04-23 00:40:59	282_2025-03-04_13-00-00	ts/1_unmatched/Site_7040/meas_2025-03-04_13-00-00/282_V01_C08_R001_THy_BH_65536H.ats	ts/Site_7040/meas_2025-03-04_13-00-00/282_V01_C08_R001_THy_BH_65536H.ats'
2025-04-23 00:40:59	282_2025-03-04_13-00-00	ts/1_unmatched/Site_7040/meas_2025-03-04_13-00-00/282_V01_C09_R001_THz_BH_65536H.ats	ts/Site_7040/meas_2025-03-04_13-00-00/282_V01_C09_R001_THz_BH_65536H.ats'
2025-04-23 00:40:59	282_2025-03-04_13-06-00	ts/1_unmatched/Site_7040/meas_2025-03-04_13-06-00/282_2025-03-04_13-06-00_2025-03-04_13-16-00_R001_16384H.xml	ts/Site_7040/meas_2025-03-04_13-06-00/282_2025-03-04_13-06-00_2025-03-04_13-16-00_R001_16384H.xml'
2025-04-23 00:40:59	282_2025-03-04_13-06-00	ts/1_unmatched/Site_7040/meas_2025-03-04_13-06-00/282_V01_C05_R001_TEx_BH_16384H.ats	ts/Site_7040/meas_2025-03-04_13-06-00/282_V01_C05_R001_TEx_BH_16384H.ats'
2025-04-23 00:40:59	282_2025-03-04_13-06-00	ts/1_unmatched/Site_7040/meas_2025-03-04_13-06-00/282_V01_C06_R001_TEy_BH_16384H.ats	ts/Site_7040/meas_2025-03-04_13-06-00/282_V01_C06_R001_TEy_BH_16384H.ats'
2025-04-23 00:40:59	282_2025-03-04_13-06-00	ts/1_unmatched/Site_7040/meas_2025-03-04_13-06-00/282_V01_C07_R001_THx_BH_16384H.ats	ts/Site_7040/meas_2025-03-04_13-06-00/282_V01_C07_R001_THx_BH_16384H.ats'
2025-04-23 00:40:59	282_2025-03-04_13-06-00	ts/1_unmatched/Site_7040/meas_2025-03-04_13-06-00/282_V01_C08_R001_THy_BH_16384H.ats	ts/Site_7040/meas_2025-03-04_13-06-00/282_V01_C08_R001_THy_BH_16384H.ats'
2025-04-23 00:40:59	282_2025-03-04_13-06-00	ts/1_unmatched/Site_7040/meas_2025-03-04_13-06-00/282_V01_C09_R001_THz_BH_16384H.ats	ts/Site_7040/meas_2025-03-04_13-06-00/282_V01_C09_R001_THz_BH_16384H.ats'
2025-04-23 00:40:59	282_2025-03-04_13-17-00	ts/1_unmatched/Site_7040/meas_2025-03-04_13-17-00/282_2025-03-04_13-17-00_2025-03-04_13-42-00_R001_4096H.xml	ts/Site_7040/meas_2025-03-04_13-17-00/282_2025-03-04_13-17-00_2025-03-04_13-42-00_R001_4096H.xml'
2025-04-23 00:40:59	282_2025-03-04_13-17-00	ts/1_unmatched/Site_7040/meas_2025-03-04_13-17-00/282_V01_C00_R001_TEx_BL_4096H.ats	ts/Site_7040/meas_2025-03-04_13-17-00/282_V01_C00_R001_TEx_BL_4096H.ats'
2025-04-23 00:40:59	282_2025-03-04_13-17-00	ts/1_unmatched/Site_7040/meas_2025-03-04_13-17-00/282_V01_C01_R001_TEy_BL_4096H.ats	ts/Site_7040/meas_2025-03-04_13-17-00/282_V01_C01_R001_TEy_BL_4096H.ats'
2025-04-23 00:40:59	282_2025-03-04_13-17-00	ts/1_unmatched/Site_7040/meas_2025-03-04_13-17-00/282_V01_C02_R001_THx_BL_4096H.ats	ts/Site_7040/meas_2025-03-04_13-17-00/282_V01_C02_R001_THx_BL_4096H.ats'
2025-04-23 00:40:59	282_2025-03-04_13-17-00	ts/1_unmatched/Site_7040/meas_2025-03-04_13-17-00/282_V01_C03_R001_THy_BL_4096H.ats	ts/Site_7040/meas_2025-03-04_13-17-00/282_V01_C03_R001_THy_BL_4096H.ats'
2025-04-23 00:40:59	282_2025-03-04_13-17-00	ts/1_unmatched/Site_7040/meas_2025-03-04_13-17-00/282_V01_C04_R001_THz_BL_4096H.ats	ts/Site_7040/meas_2025-03-04_13-17-00/282_V01_C04_R001_THz_BL_4096H.ats'
2025-04-23 00:40:59	282_2025-03-04_13-44-00	ts/1_unmatched/Site_7040/meas_2025-03-04_13-44-00/282_2025-03-04_13-44-00_2025-03-05_14-00-09_R001_256H.xml	ts/Site_7040/meas_2025-03-04_13-44-00/282_2025-03-04_13-44-00_2025-03-05_14-00-09_R001_256H.xml'
2025-04-23 00:40:59	282_2025-03-04_13-44-00	ts/1_unmatched/Site_7040/meas_2025-03-04_13-44-00/282_V01_C00_R001_TEx_BL_256H.ats	ts/Site_7040/meas_2025-03-04_13-44-00/282_V01_C00_R001_TEx_BL_256H.ats'
2025-04-23 00:40:59	282_2025-03-04_13-44-00	ts/1_unmatched/Site_7040/meas_2025-03-04_13-44-00/282_V01_C01_R001_TEy_BL_256H.ats	ts/Site_7040/meas_2025-03-04_13-44-00/282_V01_C01_R001_TEy_BL_256H.ats'
2025-04-23 00:40:59	282_2025-03-04_13-44-00	ts/1_unmatched/Site_7040/meas_2025-03-04_13-44-00/282_V01_C02_R001_THx_BL_256H.ats	ts/Site_7040/meas_2025-03-04_13-44-00/282_V01_C02_R001_THx_BL_256H.ats'
2025-04-23 00:40:59	282_2025-03-04_13-44-00	ts/1_unmatched/Site_7040/meas_2025-03-04_13-44-00/282_V01_C03_R001_THy_BL_256H.ats	ts/Site_7040/meas_2025-03-04_13-44-00/282_V01_C03_R001_THy_BL_256H.ats'
2025-04-23 00:40:59	282_2025-03-04_13-44-00	ts/1_unmatched/Site_7040/meas_2025-03-04_13-44-00/282_V01_C04_R001_THz_BL_256H.ats	ts/Site_7040/meas_2025-03-04_13-44-00/282_V01_C04_R001_THz_BL_256H.ats'
2025-04-23 00:40:59	282_2025-03-27_11-23-33	ts/1_unmatched/Site_5210/meas_2025-03-27_11-23-33/282_2025-03-27_11-23-33_2025-03-27_11-25-33_R001_4096H.xml	ts/Site_5210/meas_2025-03-27_11-23-33/282_2025-03-27_11-23-33_2025-03-27_11-25-33_R001_4096H.xml'
2025-04-23 00:40:59	282_2025-03-27_11-23-33	ts/1_unmatched/Site_5210/meas_2025-03-27_11-23-33/282_V01_C05_R001_TEx_BH_4096H.ats	ts/Site_5210/meas_2025-03-27_11-23-33/282_V01_C05_R001_TEx_BH_4096H.ats'
2025-04-23 00:40:59	282_2025-03-27_11-23-33	ts/1_unmatched/Site_5210/meas_2025-03-27_11-23-33/282_V01_C06_R001_TEy_BH_4096H.ats	ts/Site_5210/meas_2025-03-27_11-23-33/282_V01_C06_R001_TEy_BH_4096H.ats'
2025-04-23 00:40:59	282_2025-03-27_11-23-33	ts/1_unmatched/Site_5210/meas_2025-03-27_11-23-33/282_V01_C07_R001_THx_BH_4096H.ats	ts/Site_5210/meas_2025-03-27_11-23-33/282_V01_C07_R001_THx_BH_4096H.ats'
2025-04-23 00:40:59	282_2025-03-27_11-23-33	ts/1_unmatched/Site_5210/meas_2025-03-27_11-23-33/282_V01_C08_R001_THy_BH_4096H.ats	ts/Site_5210/meas_2025-03-27_11-23-33/282_V01_C08_R001_THy_BH_4096H.ats'
2025-04-23 00:40:59	282_2025-03-27_11-23-33	ts/1_unmatched/Site_5210/meas_2025-03-27_11-23-33/282_V01_C09_R001_THz_BH_4096H.ats	ts/Site_5210/meas_2025-03-27_11-23-33/282_V01_C09_R001_THz_BH_4096H.ats'
2025-04-23 00:40:59	282_2025-03-27_11-26-33	ts/1_unmatched/Site_5210/meas_2025-03-27_11-26-33/282_2025-03-27_11-26-33_2025-03-27_11-28-33_R001_128H.xml	ts/Site_5210/meas_2025-03-27_11-26-33/282_2025-03-27_11-26-33_2025-03-27_11-28-33_R001_128H.xml'
2025-04-23 00:40:59	282_2025-03-27_11-26-33	ts/1_unmatched/Site_5210/meas_2025-03-27_11-26-33/282_V01_C00_R001_TEx_BL_128H.ats	ts/Site_5210/meas_2025-03-27_11-26-33/282_V01_C00_R001_TEx_BL_128H.ats'
2025-04-23 00:40:59	282_2025-03-27_11-26-33	ts/1_unmatched/Site_5210/meas_2025-03-27_11-26-33/282_V01_C01_R001_TEy_BL_128H.ats	ts/Site_5210/meas_2025-03-27_11-26-33/282_V01_C01_R001_TEy_BL_128H.ats'
2025-04-23 00:40:59	282_2025-03-27_11-26-33	ts/1_unmatched/Site_5210/meas_2025-03-27_11-26-33/282_V01_C02_R001_THx_BL_128H.ats	ts/Site_5210/meas_2025-03-27_11-26-33/282_V01_C02_R001_THx_BL_128H.ats'
2025-04-23 00:40:59	282_2025-03-27_11-26-33	ts/1_unmatched/Site_5210/meas_2025-03-27_11-26-33/282_V01_C03_R001_THy_BL_128H.ats	ts/Site_5210/meas_2025-03-27_11-26-33/282_V01_C03_R001_THy_BL_128H.ats'
2025-04-23 00:40:59	282_2025-03-27_11-26-33	ts/1_unmatched/Site_5210/meas_2025-03-27_11-26-33/282_V01_C04_R001_THz_BL_128H.ats	ts/Site_5210/meas_2025-03-27_11-26-33/282_V01_C04_R001_THz_BL_128H.ats'
2025-04-23 00:40:59	282_2025-03-27_13-00-00	ts/1_unmatched/Site_5210/meas_2025-03-27_13-00-00/282_2025-03-27_13-00-00_2025-03-27_13-30-00_R001_4096H.xml	ts/Site_5210/meas_2025-03-27_13-00-00/282_2025-03-27_13-00-00_2025-03-27_13-30-00_R001_4096H.xml'
2025-04-23 00:40:59	282_2025-03-27_13-00-00	ts/1_unmatched/Site_5210/meas_2025-03-27_13-00-00/282_V01_C05_R001_TEx_BH_4096H.ats	ts/Site_5210/meas_2025-03-27_13-00-00/282_V01_C05_R001_TEx_BH_4096H.ats'
2025-04-23 00:40:59	282_2025-03-27_13-00-00	ts/1_unmatched/Site_5210/meas_2025-03-27_13-00-00/282_V01_C06_R001_TEy_BH_4096H.ats	ts/Site_5210/meas_2025-03-27_13-00-00/282_V01_C06_R001_TEy_BH_4096H.ats'
2025-04-23 00:40:59	282_2025-03-27_13-00-00	ts/1_unmatched/Site_5210/meas_2025-03-27_13-00-00/282_V01_C07_R001_THx_BH_4096H.ats	ts/Site_5210/meas_2025-03-27_13-00-00/282_V01_C07_R001_THx_BH_4096H.ats'
2025-04-23 00:40:59	282_2025-03-27_13-00-00	ts/1_unmatched/Site_5210/meas_2025-03-27_13-00-00/282_V01_C08_R001_THy_BH_4096H.ats	ts/Site_5210/meas_2025-03-27_13-00-00/282_V01_C08_R001_THy_BH_4096H.ats'
2025-04-23 00:40:59	282_2025-03-27_13-00-00	ts/1_unmatched/Site_5210/meas_2025-03-27_13-00-00/282_V01_C09_R001_THz_BH_4096H.ats	ts/Site_5210/meas_2025-03-27_13-00-00/282_V01_C09_R001_THz_BH_4096H.ats'
2025-04-23 00:40:59	282_2025-03-27_13-31-00	ts/1_unmatched/Site_5210/meas_2025-03-27_13-31-00/282_2025-03-27_13-31-00_2025-03-27_14-31-00_R001_512H.xml	ts/Site_5210/meas_2025-03-27_13-31-00/282_2025-03-27_13-31-00_2025-03-27_14-31-00_R001_512H.xml'
2025-04-23 00:40:59	282_2025-03-27_13-31-00	ts/1_unmatched/Site_5210/meas_2025-03-27_13-31-00/282_V01_C00_R001_TEx_BL_512H.ats	ts/Site_5210/meas_2025-03-27_13-31-00/282_V01_C00_R001_TEx_BL_512H.ats'
2025-04-23 00:40:59	282_2025-03-27_13-31-00	ts/1_unmatched/Site_5210/meas_2025-03-27_13-31-00/282_V01_C01_R001_TEy_BL_512H.ats	ts/Site_5210/meas_2025-03-27_13-31-00/282_V01_C01_R001_TEy_BL_512H.ats'
2025-04-23 00:40:59	282_2025-03-27_13-31-00	ts/1_unmatched/Site_5210/meas_2025-03-27_13-31-00/282_V01_C02_R001_THx_BL_512H.ats	ts/Site_5210/meas_2025-03-27_13-31-00/282_V01_C02_R001_THx_BL_512H.ats'
2025-04-23 00:40:59	282_2025-03-27_13-31-00	ts/1_unmatched/Site_5210/meas_2025-03-27_13-31-00/282_V01_C03_R001_THy_BL_512H.ats	ts/Site_5210/meas_2025-03-27_13-31-00/282_V01_C03_R001_THy_BL_512H.ats'
2025-04-23 00:40:59	282_2025-03-27_13-31-00	ts/1_unmatched/Site_5210/meas_2025-03-27_13-31-00/282_V01_C04_R001_THz_BL_512H.ats	ts/Site_5210/meas_2025-03-27_13-31-00/282_V01_C04_R001_THz_BL_512H.ats'
2025-04-23 00:40:59	282_2025-03-27_14-32-00	ts/1_unmatched/Site_5210/meas_2025-03-27_14-32-00/282_2025-03-27_14-32-00_2025-03-28_14-21-59_R001_128H.xml	ts/Site_5210/meas_2025-03-27_14-32-00/282_2025-03-27_14-32-00_2025-03-28_14-21-59_R001_128H.xml'
2025-04-23 00:40:59	282_2025-03-27_14-32-00	ts/1_unmatched/Site_5210/meas_2025-03-27_14-32-00/282_V01_C00_R001_TEx_BL_128H.ats	ts/Site_5210/meas_2025-03-27_14-32-00/282_V01_C00_R001_TEx_BL_128H.ats'
2025-04-23 00:40:59	282_2025-03-27_14-32-00	ts/1_unmatched/Site_5210/meas_2025-03-27_14-32-00/282_V01_C01_R001_TEy_BL_128H.ats	ts/Site_5210/meas_2025-03-27_14-32-00/282_V01_C01_R001_TEy_BL_128H.ats'
2025-04-23 00:40:59	282_2025-03-27_14-32-00	ts/1_unmatched/Site_5210/meas_2025-03-27_14-32-00/282_V01_C02_R001_THx_BL_128H.ats	ts/Site_5210/meas_2025-03-27_14-32-00/282_V01_C02_R001_THx_BL_128H.ats'
2025-04-23 00:40:59	282_2025-03-27_14-32-00	ts/1_unmatched/Site_5210/meas_2025-03-27_14-32-00/282_V01_C03_R001_THy_BL_128H.ats	ts/Site_5210/meas_2025-03-27_14-32-00/282_V01_C03_R001_THy_BL_128H.ats'
2025-04-23 00:40:59	282_2025-03-27_14-32-00	ts/1_unmatched/Site_5210/meas_2025-03-27_14-32-00/282_V01_C04_R001_THz_BL_128H.ats	ts/Site_5210/meas_2025-03-27_14-32-00/282_V01_C04_R001_THz_BL_128H.ats'
